timestamp	tool_name	input_summary	error_snippet	processed
2026-04-10 18:00:52	Write	C:\foodCo\foodVibe1.0\.claude\commands\reflect-list.md	| 1 | Bash | Build failed: NG0... | 4 | 2026-04-10 |	
2026-04-10 18:01:05	Edit	C:\foodCo\foodVibe1.0\agent.md	1. Run `ng build` or full `getDiagnostics` ΓÇö mandatory, no exceptions. Do not skip because changes look "mechanical" o	
2026-04-10 18:01:18	Edit	C:\foodCo\foodVibe1.0\.claude\copilot-instructions.md	- **Root-cause debugging** `[CC]`: For complex bugs where cause is unclear ΓåÆ invoke `/investigate`. It auto-freezes sc	
2026-04-10 18:26:24	Bash	claude --version 2>/dev/null || echo "claude CLI not found in PATH"	@{stdout=/c/Users/danwe/.bashrc: line 4: ng: command not found	
2026-04-10 18:27:41	Bash	claude trigger list 2>&1 || echo "---FALLBACK---" && claude schedule list 2>&1 |	@{stdout=/c/Users/danwe/.bashrc: line 4: ng: command not found; stderr=; interrupted=False; isImage=False; noOutputExpec	
2026-04-10 18:28:35	Bash	claude trigger list 2>&1 | head -20	@{stdout=/c/Users/danwe/.bashrc: line 4: ng: command not found; stderr=; interrupted=False; isImage=False; noOutputExpec	
2026-04-10 18:28:42	Bash	claude --help 2>&1 | head -40	@{stdout=/c/Users/danwe/.bashrc: line 4: ng: command not found	
2026-04-10 18:28:48	Bash	claude --help 2>&1 | grep -i "trigger\|schedule\|cron"	@{stdout=/c/Users/danwe/.bashrc: line 4: ng: command not found; stderr=; interrupted=False; isImage=False; returnCodeInt	
2026-04-10 18:34:36	Bash	git rev-parse --git-dir	@{stdout=/c/Users/danwe/.bashrc: line 4: ng: command not found	
2026-04-10 18:34:36	Bash	git branch --show-current	@{stdout=/c/Users/danwe/.bashrc: line 4: ng: command not found	
2026-04-10 18:34:37	Bash	git status --short	@{stdout=/c/Users/danwe/.bashrc: line 4: ng: command not found	
2026-04-10 18:34:38	Bash	git diff --stat	@{stdout=/c/Users/danwe/.bashrc: line 4: ng: command not found	
2026-04-10 18:34:41	Bash	git log origin/main..HEAD --oneline 2>/dev/null || echo "NO_REMOTE_TRACKING"	@{stdout=/c/Users/danwe/.bashrc: line 4: ng: command not found; stderr=; interrupted=False; isImage=False; noOutputExpec	
2026-04-10 18:34:42	Bash	git log --oneline -10	@{stdout=/c/Users/danwe/.bashrc: line 4: ng: command not found	
2026-04-10 18:34:42	Bash	git rev-parse --show-toplevel	@{stdout=/c/Users/danwe/.bashrc: line 4: ng: command not found	
2026-04-10 18:34:58	Bash	git diff --name-only origin/main..HEAD 2>/dev/null	@{stdout=/c/Users/danwe/.bashrc: line 4: ng: command not found	
2026-04-10 18:35:02	Bash	ls -la C:/foodCo/foodVibe1.0/.claude/sessions/ 2>/dev/null || echo "NO_SESSIONS_	@{stdout=/c/Users/danwe/.bashrc: line 4: ng: command not found	
2026-04-10 18:35:04	Bash	git diff --name-only --cached	@{stdout=/c/Users/danwe/.bashrc: line 4: ng: command not found; stderr=; interrupted=False; isImage=False; noOutputExpec	
2026-04-10 18:35:05	Bash	git diff --name-only	@{stdout=/c/Users/danwe/.bashrc: line 4: ng: command not found	
2026-04-10 18:35:22	Bash	ls C:/foodCo/foodVibe1.0/.claude/worktrees/schdeule-chekup/ 2>/dev/null || echo 	@{stdout=/c/Users/danwe/.bashrc: line 4: ng: command not found	
2026-04-10 18:35:27	Bash	ls -la .claude/skills/ | head -30	@{stdout=/c/Users/danwe/.bashrc: line 4: ng: command not found	
2026-04-10 18:35:28	Bash	ls -la .claude/commands/	@{stdout=/c/Users/danwe/.bashrc: line 4: ng: command not found	
2026-04-10 18:35:28	Bash	ls -laR .claude/reports/ 2>/dev/null || echo "No reports dir yet"	@{stdout=/c/Users/danwe/.bashrc: line 4: ng: command not found	
2026-04-10 18:35:28	Bash	ls -la src/app/shared/components/ 2>/dev/null || echo "No shared components dir"	@{stdout=/c/Users/danwe/.bashrc: line 4: ng: command not found	
2026-04-10 18:35:37	Bash	cd C:/foodCo/foodVibe1.0/.claude/worktrees/schdeule-chekup && git status --short	@{stdout=/c/Users/danwe/.bashrc: line 4: ng: command not found	
2026-04-10 18:35:42	Bash	find src/app/shared -type d 2>/dev/null | head -20 || echo "No shared dir"	@{stdout=/c/Users/danwe/.bashrc: line 4: ng: command not found	
2026-04-10 18:35:44	Bash	cd C:/foodCo/foodVibe1.0/.claude/worktrees/schdeule-chekup && git diff --stat 2>	@{stdout=/c/Users/danwe/.bashrc: line 4: ng: command not found	
2026-04-10 18:35:55	Bash	ls C:/foodCo/foodVibe1.0/.claude/reflect/failure-log.tsv 2>/dev/null && cat C:/f	@{stdout=/c/Users/danwe/.bashrc: line 4: ng: command not found	
2026-04-10 18:35:56	Bash	find src/app/shared -maxdepth 1 -type d | sort	@{stdout=/c/Users/danwe/.bashrc: line 4: ng: command not found	
2026-04-10 18:36:10	Bash	find "C:\Users\danwe\.claude" -maxdepth 2 -name "*statusline*" -o -name "*status	@{stdout=/c/Users/danwe/.bashrc: line 4: ng: command not found	
2026-04-10 18:36:10	Bash	find "C:\foodCo\foodVibe1.0\.claude" -maxdepth 2 -name "*statusline*" -o -name "	@{stdout=/c/Users/danwe/.bashrc: line 4: ng: command not found	
2026-04-10 18:36:19	Bash	ls -la "/c/foodCo/foodVibe1.0/.claude/" 2>/dev/null	@{stdout=/c/Users/danwe/.bashrc: line 4: ng: command not found	
2026-04-10 18:36:19	Bash	ls -la "/c/Users/danwe/.claude/" | grep -E "(statusline|settings|agent)" 2>/dev/	@{stdout=/c/Users/danwe/.bashrc: line 4: ng: command not found	
2026-04-10 18:36:32	Bash	ls -la "/c/foodCo/foodVibe1.0/.claude/worktrees/" 2>/dev/null	@{stdout=/c/Users/danwe/.bashrc: line 4: ng: command not found	
2026-04-10 18:36:32	Bash	mkdir -p C:/foodCo/foodVibe1.0/.claude/sessions/2026-04-10-reflect-infrastructur	@{stdout=/c/Users/danwe/.bashrc: line 4: ng: command not found; stderr=; interrupted=False; isImage=False; noOutputExpec	
2026-04-10 18:36:32	Bash	find "/c/foodCo/foodVibe1.0/.claude/" -name "*.md" -type f 2>/dev/null | head -2	@{stdout=/c/Users/danwe/.bashrc: line 4: ng: command not found	
2026-04-10 18:36:33	Bash	find "/c/Users/danwe/.claude/projects/" -type d -name "*foodVibe*" 2>/dev/null	@{stdout=/c/Users/danwe/.bashrc: line 4: ng: command not found	
2026-04-10 18:36:41	Bash	ls .env* 2>/dev/null; cat .env.example 2>/dev/null || cat .env 2>/dev/null | hea	@{stdout=/c/Users/danwe/.bashrc: line 4: ng: command not found	
2026-04-10 18:36:48	Bash	ls -la "/c/Users/danwe/.claude/projects/C--foodCo-foodVibe1-0/memory/" 2>/dev/nu	@{stdout=/c/Users/danwe/.bashrc: line 4: ng: command not found	
2026-04-10 18:36:49	Bash	ls "/c/foodCo/foodVibe1.0/.claude/skills/" 2>/dev/null | grep -i worktree	@{stdout=/c/Users/danwe/.bashrc: line 4: ng: command not found	
2026-04-10 18:36:55	Bash	cd "/c/foodCo/foodVibe1.0" && git branch -a 2>/dev/null | head -10	@{stdout=/c/Users/danwe/.bashrc: line 4: ng: command not found	
2026-04-10 18:37:01	Bash	cd C:/foodCo/foodVibe1.0/.claude/worktrees/schdeule-chekup && git diff .claude/s	@{stdout=/c/Users/danwe/.bashrc: line 4: ng: command not found	
2026-04-10 18:37:19	Bash	git stash && git checkout main && git pull origin main 2>/dev/null; git checkout	@{stdout=/c/Users/danwe/.bashrc: line 4: ng: command not found	
2026-04-10 18:40:46	Edit	C:\foodCo\foodVibe1.0\.claude\copilot-instructions.md	- **Root-cause debugging** `[CC]`: For complex bugs where cause is unclear ΓåÆ invoke `/investigate`. It auto-freezes sc	
2026-04-10 18:40:56	Edit	C:\foodCo\foodVibe1.0\agent.md	1. Run `ng build` or full `getDiagnostics` ΓÇö mandatory, no exceptions. Do not skip because changes look "mechanical" o	
2026-04-10 18:41:10	Edit	C:\Users\danwe\.claude\statusline-command.sh	except Exception:	
2026-04-10 18:41:16	Edit	C:\Users\danwe\.claude\statusline-command.sh	except Exception:	
2026-04-10 18:41:24	Bash	git status	@{stdout=/c/Users/danwe/.bashrc: line 4: ng: command not found	
2026-04-10 18:41:37	Bash	git diff --stat && echo "---UNTRACKED---" && git ls-files --others --exclude-sta	@{stdout=/c/Users/danwe/.bashrc: line 4: ng: command not found	
2026-04-10 18:41:38	Bash	git log --oneline -5	@{stdout=/c/Users/danwe/.bashrc: line 4: ng: command not found	
2026-04-10 18:41:53	Bash	git add .claude/settings.json .claude/copilot-instructions.md agent.md .claude/c	@{stdout=/c/Users/danwe/.bashrc: line 4: ng: command not found	
2026-04-10 19:03:39	Bash	git log --oneline -40 main	@{stdout=/c/Users/danwe/.bashrc: line 4: ng: command not found	
2026-04-10 23:55:40	Bash	cd "C:/foodCo/foodVibe1.0/.claude/worktrees/meme" && gh pr merge 99 --squash --d	@{stdout=/c/Users/danwe/.bashrc: line 4: ng: command not found	
2026-04-10 23:55:52	Bash	cd "C:/foodCo/foodVibe1.0/.claude/worktrees/meme" && gh pr view 99 --json state,	@{stdout=/c/Users/danwe/.bashrc: line 4: ng: command not found	
2026-04-10 23:56:10	Bash	cd "C:/foodCo/foodVibe1.0" && git checkout --theirs .claude/commands/audit-repor	@{stdout=/c/Users/danwe/.bashrc: line 4: ng: command not found	
2026-04-10 23:56:17	Bash	git -C "C:/foodCo/foodVibe1.0" diff --cached --stat	@{stdout=/c/Users/danwe/.bashrc: line 4: ng: command not found	
2026-04-10 23:57:50	Bash	git -C "C:/foodCo/foodVibe1.0" diff --cached .claude/commands/audit-report.md	@{stdout=/c/Users/danwe/.bashrc: line 4: ng: command not found	
2026-04-10 23:57:53	Bash	git -C "C:/foodCo/foodVibe1.0" diff --cached .claude/commands/nightly-audit.md	@{stdout=/c/Users/danwe/.bashrc: line 4: ng: command not found	
2026-04-10 23:57:55	Bash	git -C "C:/foodCo/foodVibe1.0" diff --cached agent.md	@{stdout=/c/Users/danwe/.bashrc: line 4: ng: command not found	
2026-04-10 23:58:25	Bash	git -C "C:/foodCo/foodVibe1.0" show HEAD:agent.md | sed -n '48,62p'	@{stdout=/c/Users/danwe/.bashrc: line 4: ng: command not found	
2026-04-10 23:58:44	Bash	git -C "C:/foodCo/foodVibe1.0" show :agent.md | sed -n '48,85p'	@{stdout=/c/Users/danwe/.bashrc: line 4: ng: command not found	
2026-04-10 23:58:51	Bash	git -C "C:/foodCo/foodVibe1.0" show :agent.md > /tmp/agent-staged.md && head -60	@{stdout=/c/Users/danwe/.bashrc: line 4: ng: command not found	
2026-04-10 23:59:01	Edit	C:\foodCo\foodVibe1.0\agent.md	1. Run `ng build` or full `getDiagnostics` ΓÇö mandatory, no exceptions. Do not skip because changes look "mechanical" o	
2026-04-10 23:59:10	Bash	git -C "C:/foodCo/foodVibe1.0" show HEAD:.claude/commands/audit-report.md 2>/dev	@{stdout=/c/Users/danwe/.bashrc: line 4: ng: command not found	
2026-04-10 23:59:34	Bash	git -C "C:/foodCo/foodVibe1.0" checkout --ours .claude/commands/audit-report.md 	@{stdout=/c/Users/danwe/.bashrc: line 4: ng: command not found	
2026-04-10 23:59:45	Bash	git -C "C:/foodCo/foodVibe1.0" show HEAD:.claude/commands/audit-report.md > "C:/	@{stdout=/c/Users/danwe/.bashrc: line 4: ng: command not found; stderr=; interrupted=False; isImage=False; noOutputExpec	
2026-04-10 23:59:52	Bash	git -C "C:/foodCo/foodVibe1.0" add .claude/commands/audit-report.md .claude/comm	@{stdout=/c/Users/danwe/.bashrc: line 4: ng: command not found	
2026-04-11 00:04:06	Bash	git -C "C:/foodCo/foodVibe1.0" commit -m "$(cat <<'EOF'
merge: integrate nightly	@{stdout=/c/Users/danwe/.bashrc: line 4: ng: command not found	
2026-04-11 00:04:13	Bash	git -C "C:/foodCo/foodVibe1.0" branch --show-current	@{stdout=/c/Users/danwe/.bashrc: line 4: ng: command not found	
2026-04-11 00:06:45	Bash	git -C "C:/foodCo/foodVibe1.0" log --oneline feat/nightly-audit-and-mempalace-in	@{stdout=/c/Users/danwe/.bashrc: line 4: ng: command not found	
2026-04-11 00:06:48	Bash	git -C "C:/foodCo/foodVibe1.0" fetch origin main	@{stdout=/c/Users/danwe/.bashrc: line 4: ng: command not found	
2026-04-11 00:06:57	Bash	git -C "C:/foodCo/foodVibe1.0" merge-tree $(git -C "C:/foodCo/foodVibe1.0" merge	@{stdout=/c/Users/danwe/.bashrc: line 4: ng: command not found	
2026-04-11 00:07:05	Bash	git -C "C:/foodCo/foodVibe1.0" diff origin/main..feat/nightly-audit-and-mempalac	@{stdout=/c/Users/danwe/.bashrc: line 4: ng: command not found	
2026-04-11 00:12:18	Bash	git -C "C:/foodCo/foodVibe1.0" push -u origin feat/nightly-audit-and-mempalace-i	@{stdout=/c/Users/danwe/.bashrc: line 4: ng: command not found	
2026-04-11 00:12:39	Bash	gh pr view 98 --repo WDD-CODER/foodVibe1.0 --json state,mergeable,title --jq '"\	@{stdout=/c/Users/danwe/.bashrc: line 4: ng: command not found	
2026-04-11 00:12:50	Bash	gh pr merge 98 --repo WDD-CODER/foodVibe1.0 --squash --delete-branch	@{stdout=/c/Users/danwe/.bashrc: line 4: ng: command not found; stderr=; interrupted=False; isImage=False; noOutputExpec	
2026-04-11 00:12:57	Bash	gh pr view 98 --repo WDD-CODER/foodVibe1.0 --json state,mergedAt --jq '"\(.state	@{stdout=/c/Users/danwe/.bashrc: line 4: ng: command not found	
2026-04-11 00:13:14	Bash	echo "worktree-meme" >> "C:/foodCo/foodVibe1.0/.worktree-cleanup"	@{stdout=/c/Users/danwe/.bashrc: line 4: ng: command not found; stderr=; interrupted=False; isImage=False; noOutputExpec	
2026-04-10 19:41:52	Bash	git checkout -- .claude/reflect/failure-log.tsv && git status --porcelain	@{stdout=/c/Users/danwe/.bashrc: line 4: ng: command not found; stderr=; interrupted=False; isImage=False; noOutputExpec	
2026-04-10 19:41:59	Bash	git checkout -b audit/2026-04-10	@{stdout=/c/Users/danwe/.bashrc: line 4: ng: command not found	
2026-04-10 19:42:30	Bash	wc -l src/app/pages/menu-intelligence/menu-intelligence.page.ts src/app/pages/re	@{stdout=/c/Users/danwe/.bashrc: line 4: ng: command not found	
2026-04-10 19:43:26	Bash	git add .claude/reports/audit/2026-04-10-plan.md && git commit -m "$(cat <<'EOF'	@{stdout=/c/Users/danwe/.bashrc: line 4: ng: command not found	
2026-04-10 19:43:57	Bash	git add src/app/core/components/auth-modal/auth-modal.component.scss src/app/pag	@{stdout=/c/Users/danwe/.bashrc: line 4: ng: command not found	
2026-04-10 19:44:17	Bash	git checkout main && git merge --ff-only audit/2026-04-10	@{stdout=/c/Users/danwe/.bashrc: line 4: ng: command not found	
2026-04-10 19:44:31	Bash	git log --oneline -3	@{stdout=/c/Users/danwe/.bashrc: line 4: ng: command not found	
2026-04-10 19:45:17	Bash	git add .claude/reports/audit/2026-04-10-nightly-audit.md && git commit -m "$(ca	@{stdout=/c/Users/danwe/.bashrc: line 4: ng: command not found	
2026-04-10 21:56:24	Bash	git checkout -b fix/mempalace-agent-integration	@{stdout=/c/Users/danwe/.bashrc: line 4: ng: command not found	
2026-04-10 21:57:12	Edit	C:\foodCo\foodVibe1.0\.claude\agents\qa-engineer.md	- **Systematic Investigation**: For complex root-cause analysis, invoke `/investigate` ΓÇö it auto-freezes scope and enf	
2026-04-10 21:57:48	Edit	C:\foodCo\foodVibe1.0\.claude\copilot-instructions.md	- **Root-cause debugging** `[CC]`: For complex bugs where cause is unclear ΓåÆ invoke `/investigate`. It auto-freezes sc	
2026-04-10 21:58:05	Edit	C:\foodCo\foodVibe1.0\.claude\copilot-instructions.md	- **Root-cause debugging** `[CC]`: For complex bugs where cause is unclear ΓåÆ invoke `/investigate`. It auto-freezes sc	
2026-04-10 21:58:11	Bash	git diff --stat	@{stdout=/c/Users/danwe/.bashrc: line 4: ng: command not found	
2026-04-10 21:58:29	Bash	git add .claude/agents/breadcrumb-navigator.md .claude/agents/product-manager.md	@{stdout=/c/Users/danwe/.bashrc: line 4: ng: command not found	
2026-04-10 21:58:38	Bash	git checkout main && git merge --no-ff fix/mempalace-agent-integration -m "Merge	@{stdout=/c/Users/danwe/.bashrc: line 4: ng: command not found	
2026-04-10 22:28:38	Edit	C:\foodCo\foodVibe1.0\CLAUDE.md	- **Worktree boundary**: When working inside an isolated worktree, never attempt `git checkout main` from within it. All	
2026-04-10 22:28:51	Bash	git add CLAUDE.md && git commit -m "$(cat <<'EOF'
fix(workflow): add MemPalace r	@{stdout=/c/Users/danwe/.bashrc: line 4: ng: command not found	
2026-04-10 23:30:07	Bash	git log --oneline origin/main..main	@{stdout=/c/Users/danwe/.bashrc: line 4: ng: command not found	
2026-04-10 23:30:18	Bash	git checkout -b feat/nightly-audit-and-mempalace-integration && git push -u orig	@{stdout=/c/Users/danwe/.bashrc: line 4: ng: command not found	
2026-04-10 23:30:43	Bash	gh pr create --base main --head feat/nightly-audit-and-mempalace-integration --t	@{stdout=/c/Users/danwe/.bashrc: line 4: ng: command not found	
2026-04-10 23:32:16	Bash	git rev-parse --git-dir	@{stdout=/c/Users/danwe/.bashrc: line 4: ng: command not found	
2026-04-10 23:40:03	Bash	git log --oneline -5	@{stdout=/c/Users/danwe/.bashrc: line 4: ng: command not found	
2026-04-10 23:40:03	Bash	git branch --show-current	@{stdout=/c/Users/danwe/.bashrc: line 4: ng: command not found	
2026-04-10 23:40:03	Bash	git status --short	@{stdout=/c/Users/danwe/.bashrc: line 4: ng: command not found	
2026-04-10 23:40:09	Bash	git log --oneline main..HEAD 2>/dev/null | wc -l	@{stdout=/c/Users/danwe/.bashrc: line 4: ng: command not found	
2026-04-10 23:40:10	Bash	ls .claude/sessions/ 2>/dev/null || echo "no sessions dir"	@{stdout=/c/Users/danwe/.bashrc: line 4: ng: command not found	
2026-04-10 23:40:17	Bash	gh pr view 98 --json state,title,mergeable,headRefName 2>/dev/null	@{stdout=/c/Users/danwe/.bashrc: line 4: ng: command not found	
2026-04-10 23:41:32	Bash	mkdir -p .claude/sessions/2026-04-10-nightly-audit	@{stdout=/c/Users/danwe/.bashrc: line 4: ng: command not found; stderr=; interrupted=False; isImage=False; noOutputExpec	
